﻿<?xml version="1.0" encoding="utf-8" standalone="no"?>
<manifest identifier="_5tzGBScGXYd_course_id" version="1.3" xmlns="http://www.imsglobal.org/xsd/imscp_v1p1" xmlns:adlcp="http://www.adlnet.org/xsd/adlcp_v1p3" xmlns:adlseq="http://www.adlnet.org/xsd/adlseq_v1p3" xmlns:adlnav="http://www.adlnet.org/xsd/adlnav_v1p3" xmlns:imsss="http://www.imsglobal.org/xsd/imsss" xmlns:xsi="http://www.w3.org/2001/XMLSchema-instance" xmlns:lom="http://ltsc.ieee.org/xsd/LOM" xsi:schemaLocation="http://www.imsglobal.org/xsd/imscp_v1p1 imscp_v1p1.xsd
                              http://www.adlnet.org/xsd/adlcp_v1p3 adlcp_v1p3.xsd
                              http://www.adlnet.org/xsd/adlseq_v1p3 adlseq_v1p3.xsd
                              http://www.adlnet.org/xsd/adlnav_v1p3 adlnav_v1p3.xsd
							  http://www.imsglobal.org/xsd/imsss imsss_v1p0.xsd
							  http://ltsc.ieee.org/xsd/LOM lom.xsd">
  <metadata>
    <schema>ADL SCORM</schema>
    <schemaversion>2004 4th Edition</schemaversion>
    <adlcp:location>metadata.xml</adlcp:location>
  </metadata>
  <organizations default="Phishing_Training_Update_2_ORG">
    <organization identifier="Phishing_Training_Update_2_ORG" adlseq:objectivesGlobalToSystem="false">
      <title>Phishing Training Update 2</title>
      <item identifier="Phishing_Training_Update_SCO" identifierref="__5tzGBScGXYd_course_id_RES" isvisible="true">
        <title>Phishing Training Update 2</title>
        <imsss:sequencing>
          <imsss:deliveryControls tracked="true" completionSetByContent="true" objectiveSetByContent="true" />
        </imsss:sequencing>
      </item>
      <metadata>
        <adlcp:location>metadata.xml</adlcp:location>
      </metadata>
      <imsss:sequencing>
        <imsss:controlMode choice="true" flow="true" />
      </imsss:sequencing>
    </organization>
  </organizations>
  <resources>
    <resource identifier="__5tzGBScGXYd_course_id_RES" type="webcontent" adlcp:scormType="sco" href="index_lms.html">
      <file href="story_content/thumbnail.jpg" />
      <file href="mobile/6g8DWCGN5jr_80_DX1440_DY1440_CX1133_CY850.png" />
      <file href="story_content/video_6AAR4OoV6SE_22_48_720x406.mp4" />
      <file href="mobile/video_6AAR4OoV6SE_22_48_720x406.jpg" />
      <file href="mobile/5fU3TG5u3A5_80_P_27_0_539_427_DX932_DY932_CX539_CY427.png" />
      <file href="mobile/5o5NkfA6asl_80_P_177_0_420_399_DX996_DY996_CX421_CY400.png" />
      <file href="mobile/6mPHyPVXOP9_80_P_0_591_1240_1456_DX1080_DY1080_CX514_CY604.png" />
      <file href="mobile/6Q0y7nct7si_80_P_0_398_1280_455_DX1440_DY1440_CX1130_CY402.png" />
      <file href="story_content/report.html" />
      <file href="mobile/6p7lauCZ0Th_80_P_0_0_682_1115_DX1102_DY1102_CX289_CY472.png" />
      <file href="story_content/video_6cWnWvq9Wr6_22_48_720x406.mp4" />
      <file href="mobile/video_6cWnWvq9Wr6_22_48_720x406.jpg" />
      <file href="mobile/6fCc9C99Akm_80_DX54_DY54_CX29_CY31.png" />
      <file href="mobile/6OyZCj2e6KJ_80_DX1250_DY1250_CX700_CY265.png" />
      <file href="story_content/video_68hZUQPLYpJ_22_48_720x406.mp4" />
      <file href="mobile/video_68hZUQPLYpJ_22_48_720x406.jpg" />
      <file href="mobile/5aca0kQ3P0y_80_P_602_0_1445_1145_DX1112_DY1112_CX617_CY489.png" />
      <file href="mobile/5xEnfiboZV5_80_P_156_0_1583_1506_DX846_DY846_CX514_CY489.png" />
      <file href="mobile/6eq4WzNm1ZG_80_P_0_0_1500_533_DX1440_DY1440_CX1131_CY402.png" />
      <file href="mobile/5sG6G1olC6R_80_P_0_0_810_1115_DX1102_DY1102_CX343_CY472.png" />
      <file href="meta.xml" />
      <file href="story_content/user.js" />
      <file href="mobile/txt__default_6XoxFlsGs81.png" />
      <file href="mobile/txt__default_6ZnOiVGImBh.png" />
      <file href="mobile/txt__default_6YOFQRf0W8B.png" />
      <file href="mobile/txt__default_5jCIAQV7y75.png" />
      <file href="mobile/txt__default_5sR8mSr5dvz.png" />
      <file href="mobile/txt__default_6Kh5FDvBUyi.png" />
      <file href="mobile/Shape5sAbkEztvCB.png" />
      <file href="mobile/Shape5jTBaYCaAtI.png" />
      <file href="mobile/Shape6VwddLmAHPx.png" />
      <file href="mobile/Shape6bjkoroLyiI.png" />
      <file href="mobile/Shape6l0lpLgbSgG.png" />
      <file href="mobile/Shape5cttfs6ce3D.png" />
      <file href="mobile/Shape5ljf6IXLbJu.png" />
      <file href="mobile/Shape5jd2Gx637Rc.png" />
      <file href="mobile/Shape6jUiDifbZTD.png" />
      <file href="mobile/Shape5XosfsZqnND.png" />
      <file href="mobile/Shape5yP6HEGXd7w.png" />
      <file href="mobile/Shape6q7C1mSaEyB.png" />
      <file href="mobile/Shape6DyGj0Tugqi.png" />
      <file href="mobile/Shape6K4vFPYbgGA.png" />
      <file href="mobile/Shape62dX4xAfPji.png" />
      <file href="mobile/Shape5nXPHI5bRgP.png" />
      <file href="mobile/Shape5fYaJrEzJST.png" />
      <file href="mobile/Shape6Y6wbF5hVHf.png" />
      <file href="mobile/Shape6pqan5CVNsV.png" />
      <file href="mobile/Shape6lzKjLPltGS.png" />
      <file href="mobile/Shape6nlvKzw1hUB.png" />
      <file href="mobile/Shape5rW4DjYTefJ.png" />
      <file href="mobile/Shape5ZSM0W4hP9v.png" />
      <file href="mobile/Shape6CmEhyus03z.png" />
      <file href="mobile/Shape6VmZ7ePDwRI.png" />
      <file href="mobile/Shape6BDmp8Yhwdq.png" />
      <file href="mobile/Shape6dSKgCvNYNe.png" />
      <file href="mobile/Shape6nPPGKFJTfN.png" />
      <file href="mobile/txt__default_6qbkhB3tnDO.png" />
      <file href="mobile/txt__default_6g3zrbOoRTZ.png" />
      <file href="mobile/txt__default_6riLimI6omB.png" />
      <file href="mobile/txt__default_6Tmo9RDLmHp.png" />
      <file href="mobile/txt__default_5WWs6g0puhD.png" />
      <file href="mobile/txt__default_6puBrzKxQYS.png" />
      <file href="html5/data/css/output.min.css" />
      <file href="html5/data/js/5bQjB5h7ZmK.js" />
      <file href="html5/data/js/5cf7DIy4u9N.js" />
      <file href="html5/data/js/5cPH3bRTND8.js" />
      <file href="html5/data/js/5cV6ShCYJsf.js" />
      <file href="html5/data/js/5dlXlx72klN.js" />
      <file href="html5/data/js/5dxPu4rXv5E.js" />
      <file href="html5/data/js/5dZeC856FGx.js" />
      <file href="html5/data/js/5foZCwEt37t.js" />
      <file href="html5/data/js/5fZrlg4kkBi.js" />
      <file href="html5/data/js/5gCNi8NbH8q.js" />
      <file href="html5/data/js/5hFBexyYo3j.js" />
      <file href="html5/data/js/5isIwPZ8eCV.js" />
      <file href="html5/data/js/5nlyPAY2bb7.js" />
      <file href="html5/data/js/5ofv9eQ33tw.js" />
      <file href="html5/data/js/5olvDuUkV8h.js" />
      <file href="html5/data/js/5pFtk8v1d9x.js" />
      <file href="html5/data/js/5qE7f2RfTDU.js" />
      <file href="html5/data/js/5qe8rtsXd7P.js" />
      <file href="html5/data/js/5rUcj94pwI5.js" />
      <file href="html5/data/js/5sc8F0Aw8Os.js" />
      <file href="html5/data/js/5siOvitcQ3y.js" />
      <file href="html5/data/js/5sT06LnI7Fm.js" />
      <file href="html5/data/js/5tpDuajX9wx.js" />
      <file href="html5/data/js/5uwBSMnpqTr.js" />
      <file href="html5/data/js/5Vf69I1FG2U.js" />
      <file href="html5/data/js/5vUin7LREuZ.js" />
      <file href="html5/data/js/5vZ09K4uA2E.js" />
      <file href="html5/data/js/5W9N3tzNk1n.js" />
      <file href="html5/data/js/5YJi6jS6zWf.js" />
      <file href="html5/data/js/5yUichj0sop.js" />
      <file href="html5/data/js/5zauhOwz1Uk.js" />
      <file href="html5/data/js/5ZXiQ3REE36.js" />
      <file href="html5/data/js/5ZyIGmJL0T0.js" />
      <file href="html5/data/js/60fgVnwjopV.js" />
      <file href="html5/data/js/60LQWPL1QmT.js" />
      <file href="html5/data/js/61NznBF9o2l.js" />
      <file href="html5/data/js/62w0BSAHUnm.js" />
      <file href="html5/data/js/639j59Y0wqS.js" />
      <file href="html5/data/js/67QGoU7rUX3.js" />
      <file href="html5/data/js/6a4ES95hKjV.js" />
      <file href="html5/data/js/6Bfo7QqWrR2.js" />
      <file href="html5/data/js/6BKrvs7tEe9.js" />
      <file href="html5/data/js/6cJ6g4own2Z.js" />
      <file href="html5/data/js/6COV2lhUX1O.js" />
      <file href="html5/data/js/6CtC96zOIfZ.js" />
      <file href="html5/data/js/6DZAsGke1vy.js" />
      <file href="html5/data/js/6eo6T0IEPf4.js" />
      <file href="html5/data/js/6f7ROjYZ7CY.js" />
      <file href="html5/data/js/6FjiLmmlnQp.js" />
      <file href="html5/data/js/6FVqsxWxNV0.js" />
      <file href="html5/data/js/6g49HzQ5LMd.js" />
      <file href="html5/data/js/6GcsOt1LHGR.js" />
      <file href="html5/data/js/6H9ZLOT428A.js" />
      <file href="html5/data/js/6heMqeZzKt8.js" />
      <file href="html5/data/js/6hEynx9lkFm.js" />
      <file href="html5/data/js/6HWTMK1I0wM.js" />
      <file href="html5/data/js/6IOjzoWF9QR.js" />
      <file href="html5/data/js/6jDhT9E0O19.js" />
      <file href="html5/data/js/6jNl3vTVTzW.js" />
      <file href="html5/data/js/6K0MbDXFA6V.js" />
      <file href="html5/data/js/6k0XzSedbTu.js" />
      <file href="html5/data/js/6kEKWokzvsI.js" />
      <file href="html5/data/js/6kvyr93J7of.js" />
      <file href="html5/data/js/6lhW53YbtIY.js" />
      <file href="html5/data/js/6LltVmBrVmf.js" />
      <file href="html5/data/js/6luaiNNXeH3.js" />
      <file href="html5/data/js/6M6p849pvXf.js" />
      <file href="html5/data/js/6M9lm09BZ3O.js" />
      <file href="html5/data/js/6MHbms4TVAt.js" />
      <file href="html5/data/js/6Nl5HbC39wq.js" />
      <file href="html5/data/js/6OOXfzSvYoU.js" />
      <file href="html5/data/js/6p3ITrz0SDA.js" />
      <file href="html5/data/js/6P3Vjr8FF11.js" />
      <file href="html5/data/js/6p4yuTwE93T.js" />
      <file href="html5/data/js/6qEBSZF4O9s.js" />
      <file href="html5/data/js/6qFHYCvMSEt.js" />
      <file href="html5/data/js/6QgacwwO5WC.js" />
      <file href="html5/data/js/6qGlZkrHLG9.js" />
      <file href="html5/data/js/6qgn0DenJjd.js" />
      <file href="html5/data/js/6qs1vG49HEf.js" />
      <file href="html5/data/js/6qVHbCcHflb.js" />
      <file href="html5/data/js/6RAZ0hcKna9.js" />
      <file href="html5/data/js/6rRPikPGrWK.js" />
      <file href="html5/data/js/6TEaBImABpN.js" />
      <file href="html5/data/js/6Tj45rvNMA2.js" />
      <file href="html5/data/js/6U51XlJMeii.js" />
      <file href="html5/data/js/6Vsp2BNRjIF.js" />
      <file href="html5/data/js/6WZDUJsS7UG.js" />
      <file href="html5/data/js/6X1GO4W5jdY.js" />
      <file href="html5/data/js/6XowYYa0bL5.js" />
      <file href="html5/data/js/6YT8uR47CMA.js" />
      <file href="html5/data/js/data.js" />
      <file href="html5/data/js/frame.js" />
      <file href="html5/data/js/paths.js" />
      <file href="html5/lib/scripts/app.min.js" />
      <file href="html5/lib/stylesheets/main.min.css" />
      <file href="html5/lib/stylesheets/mobile-fonts/open-sans-bold.woff" />
      <file href="html5/lib/stylesheets/mobile-fonts/open-sans-light.woff" />
      <file href="html5/lib/stylesheets/mobile-fonts/open-sans-regular.woff" />
      <file href="story.html" />
      <file href="story_html5.html" />
      <file href="analytics-frame.html" />
      <file href="story_content/blank.html" />
      <file href="story_content/story.js" />
      <file href="index_lms.html" />
      <file href="index_lms_html5.html" />
      <file href="lms/AICCComm.html" />
      <file href="lms/AICCFunctions.js" />
      <file href="lms/API.js" />
      <file href="lms/APIConstants.js" />
      <file href="lms/blank.html" />
      <file href="lms/browsersniff.js" />
      <file href="lms/Configuration.js" />
      <file href="lms/goodbye.html" />
      <file href="lms/lms.js" />
      <file href="lms/LMSAPI.js" />
      <file href="lms/NONEFunctions.js" />
      <file href="lms/SCORM2004Functions.js" />
      <file href="lms/SCORMFunctions.js" />
      <file href="lms/UtilityFunctions.js" />
    </resource>
  </resources>
</manifest>