﻿<grades xmlns:d2l_2p0="http://desire2learn.com/xsd/d2lcp_v2p0"><configuration><auto_update_final_grade>1</auto_update_final_grade><grading_system>1</grading_system><include_empty_grades_in_final>false</include_empty_grades_in_final><default_scheme>0</default_scheme><show_user_name>1</show_user_name></configuration><categories><category id="46" identifier="9196980"><name>Assessments</name><short_name /><sort_order>1</sort_order><show_average>false</show_average><show_distribution>false</show_distribution><description text_type="text/html" is_displayed="false" /><is_active>true</is_active><scoring><weight>100</weight><can_exceed_weight>false</can_exceed_weight><WeightDistributionType>1</WeightDistributionType><is_auto_pointed>false</is_auto_pointed><high_non_bonus_drop>0</high_non_bonus_drop><low_non_bonus_drop>0</low_non_bonus_drop><max_item_points>10</max_item_points></scoring></category></categories><items><item id="47" identifier="9196984" resource_code="usgx-17169662"><category_id>9196980</category_id><name>Lesson One Assessment</name><short_name /><sort_order>2</sort_order><show_average>false</show_average><show_distribution>false</show_distribution><description text_type="text/html" is_displayed="false" /><type_id>1</type_id><is_active>true</is_active><scoring><can_exceed_weight>false</can_exceed_weight><out_of>100</out_of><is_bonus>false</is_bonus><max_grade>25</max_grade><exclude_from_final_grade_calc>false</exclude_from_final_grade_calc><is_milestone_grade>false</is_milestone_grade></scoring></item><item id="48" identifier="9196985" resource_code="usgx-17169663"><category_id>9196980</category_id><name>Lesson Two Assessment</name><short_name /><sort_order>3</sort_order><show_average>false</show_average><show_distribution>false</show_distribution><description text_type="text/html" is_displayed="false" /><type_id>1</type_id><is_active>true</is_active><scoring><can_exceed_weight>false</can_exceed_weight><out_of>100</out_of><is_bonus>false</is_bonus><max_grade>25</max_grade><exclude_from_final_grade_calc>false</exclude_from_final_grade_calc><is_milestone_grade>false</is_milestone_grade></scoring></item><item id="49" identifier="9196986" resource_code="usgx-17169664"><category_id>9196980</category_id><name>Lesson Three Assessment</name><short_name /><sort_order>4</sort_order><show_average>false</show_average><show_distribution>false</show_distribution><description text_type="text/html" is_displayed="false" /><type_id>1</type_id><is_active>true</is_active><scoring><can_exceed_weight>false</can_exceed_weight><out_of>100</out_of><is_bonus>false</is_bonus><max_grade>25</max_grade><exclude_from_final_grade_calc>false</exclude_from_final_grade_calc><is_milestone_grade>false</is_milestone_grade></scoring></item><item id="50" identifier="9196988" resource_code="usgx-17169665"><category_id>9196980</category_id><name>Final Assessment</name><short_name /><sort_order>5</sort_order><show_average>false</show_average><show_distribution>false</show_distribution><description text_type="text/html" is_displayed="false" /><type_id>1</type_id><is_active>true</is_active><scoring><can_exceed_weight>false</can_exceed_weight><out_of>100</out_of><is_bonus>false</is_bonus><max_grade>25</max_grade><exclude_from_final_grade_calc>false</exclude_from_final_grade_calc><is_milestone_grade>false</is_milestone_grade></scoring></item></items></grades>