﻿<?xml version="1.0" encoding="UTF-8"?>
<manifest identifier="D2L_1964897" xmlns:d2l_2p0="http://desire2learn.com/xsd/d2lcp_v2p0" xmlns:scorm_1p2="http://www.adlnet.org/xsd/adlcp_rootv1p2" xmlns="http://www.imsglobal.org/xsd/imscp_v1p1">
    <organizations default="d2l_orgs">
        <organization identifier="d2l_org">
            <item identifier="33265580" identifierref="RES_CONTENT_33265580" d2l_2p0:id="1" description="" completion_type="2">
                <title>Lesson One: Identify Phishing Emails</title>
                <item identifier="33270578" identifierref="RES_CONTENT_33270578" d2l_2p0:id="2" d2l_2p0:resource_code="usgx-17169644" description="" completion_type="2">
                    <title>Identify Phishing Emails</title>
                    <scorm_1p2:maxtimeallowed />
                    <scorm_1p2:datafromlms />
                </item>
                <item identifier="33270589" identifierref="RES_CONTENT_33270589" d2l_2p0:id="3" d2l_2p0:resource_code="usgx-17169657" description="" completion_type="2">
                    <title>Lesson One Practice</title>
                    <scorm_1p2:maxtimeallowed />
                    <scorm_1p2:datafromlms />
                </item>
                <item identifier="33265715" identifierref="RES_CONTENT_33265715" d2l_2p0:id="4" description="" completion_type="2" resource_type_key="D2L.LE.Quizzing.Quiz">
                    <title>Lesson One Assessment</title>
                </item>
            </item>
            <item identifier="33265581" identifierref="RES_CONTENT_33265581" d2l_2p0:id="5" description="" completion_type="2">
                <title>Lesson Two: Phishing Techniques</title>
                <item identifier="33270582" identifierref="RES_CONTENT_33270582" d2l_2p0:id="6" description="" completion_type="2">
                    <title>Phishing Techniques</title>
                    <scorm_1p2:maxtimeallowed />
                    <scorm_1p2:datafromlms />
                </item>
                <item identifier="33270618" identifierref="RES_CONTENT_33270618" d2l_2p0:id="7" description="" completion_type="2">
                    <title>Lesson Two Practice </title>
                    <scorm_1p2:maxtimeallowed />
                    <scorm_1p2:datafromlms />
                </item>
                <item identifier="33265718" identifierref="RES_CONTENT_33265718" d2l_2p0:id="8" description="" completion_type="2" resource_type_key="D2L.LE.Quizzing.Quiz">
                    <title>Lesson Two Assessment</title>
                </item>
            </item>
            <item identifier="33265583" identifierref="RES_CONTENT_33265583" d2l_2p0:id="9" description="" completion_type="2">
                <title>Lesson Three: Beyond Emails</title>
                <item identifier="33270586" identifierref="RES_CONTENT_33270586" d2l_2p0:id="10" description="" completion_type="2">
                    <title>Social Engineering</title>
                    <scorm_1p2:maxtimeallowed />
                    <scorm_1p2:datafromlms />
                </item>
                <item identifier="33265722" identifierref="RES_CONTENT_33265722" d2l_2p0:id="11" description="" completion_type="2" resource_type_key="D2L.LE.Quizzing.Quiz">
                    <title>Lesson Three Assessment</title>
                </item>
            </item>
            <item identifier="33265729" identifierref="RES_CONTENT_33265729" d2l_2p0:id="12" description="" completion_type="2">
                <title>Final Assessment Review</title>
                <item identifier="33265733" identifierref="RES_CONTENT_33265733" d2l_2p0:id="13" description="" completion_type="2" resource_type_key="D2L.LE.Quizzing.Quiz">
                    <title>Final Assessment Review</title>
                </item>
            </item>
        </organization>
    </organizations>
    <resources>
        <resource identifier="RES_CONTENT_33265580" type="webcontent" d2l_2p0:material_type="contentmodule" d2l_2p0:link_target="" href="" title="" />
        <resource identifier="RES_CONTENT_33270578" type="webcontent" d2l_2p0:material_type="content" d2l_2p0:link_target="" href="phishingEmails\index_lms.html" title="" scorm_1p2:scormtype="sco" />
        <resource identifier="RES_CONTENT_33270589" type="webcontent" d2l_2p0:material_type="content" d2l_2p0:link_target="" href="practiceLessonOne\index_lms.html" title="" scorm_1p2:scormtype="sco" />
        <resource identifier="RES_CONTENT_33265715" type="webcontent" d2l_2p0:material_type="contentlink" d2l_2p0:link_target="_self" href="/d2l/common/dialogs/quickLink/quickLink.d2l?ou={orgUnitId}&amp;type=quiz&amp;rcode=usgx-17166266" title="" />
        <resource identifier="RES_CONTENT_33265581" type="webcontent" d2l_2p0:material_type="contentmodule" d2l_2p0:link_target="" href="" title="" />
        <resource identifier="RES_CONTENT_33270582" type="webcontent" d2l_2p0:material_type="content" d2l_2p0:link_target="" href="phishingTechniques\index_lms.html" title="" scorm_1p2:scormtype="sco" />
        <resource identifier="RES_CONTENT_33270618" type="webcontent" d2l_2p0:material_type="content" d2l_2p0:link_target="" href="practiceLessonTwo\index_lms.html" title="" scorm_1p2:scormtype="sco" />
        <resource identifier="RES_CONTENT_33265718" type="webcontent" d2l_2p0:material_type="contentlink" d2l_2p0:link_target="_self" href="/d2l/common/dialogs/quickLink/quickLink.d2l?ou={orgUnitId}&amp;type=quiz&amp;rcode=usgx-17166273" title="" />
        <resource identifier="RES_CONTENT_33265583" type="webcontent" d2l_2p0:material_type="contentmodule" d2l_2p0:link_target="" href="" title="" />
        <resource identifier="RES_CONTENT_33270586" type="webcontent" d2l_2p0:material_type="content" d2l_2p0:link_target="" href="socialEngineering\index_lms.html" title="" scorm_1p2:scormtype="sco" />
        <resource identifier="RES_CONTENT_33265722" type="webcontent" d2l_2p0:material_type="contentlink" d2l_2p0:link_target="_self" href="/d2l/common/dialogs/quickLink/quickLink.d2l?ou={orgUnitId}&amp;type=quiz&amp;rcode=usgx-17166280" title="" />
        <resource identifier="RES_CONTENT_33265729" type="webcontent" d2l_2p0:material_type="contentmodule" d2l_2p0:link_target="" href="" title="" />
        <resource identifier="RES_CONTENT_33265733" type="webcontent" d2l_2p0:material_type="contentlink" d2l_2p0:link_target="_self" href="/d2l/common/dialogs/quickLink/quickLink.d2l?ou={orgUnitId}&amp;type=quiz&amp;rcode=usgx-17166305" title="" />
        <resource identifier="res_syllabus" type="webcontent" d2l_2p0:material_type="d2lsyllabus" d2l_2p0:link_target="" href="syllabus_d2l.xml" title="" />
        <resource identifier="res_question_library" type="webcontent" d2l_2p0:material_type="d2lquestionlibrary" d2l_2p0:link_target="" href="questiondb.xml" title="Question Library" />
        <resource identifier="res_quiz_2837738" type="webcontent" d2l_2p0:material_type="d2lquiz" d2l_2p0:link_target="" href="quiz_d2l_2837738.xml" title="Lesson One Assessment" />
        <resource identifier="res_quiz_2837743" type="webcontent" d2l_2p0:material_type="d2lquiz" d2l_2p0:link_target="" href="quiz_d2l_2837743.xml" title="Lesson Two Assessment" />
        <resource identifier="res_quiz_2837746" type="webcontent" d2l_2p0:material_type="d2lquiz" d2l_2p0:link_target="" href="quiz_d2l_2837746.xml" title="Lesson Three Assessment" />
        <resource identifier="res_quiz_2837747" type="webcontent" d2l_2p0:material_type="d2lquiz" d2l_2p0:link_target="" href="quiz_d2l_2837747.xml" title="Final Assessment Review" />
        <resource identifier="res_grades" type="webcontent" d2l_2p0:material_type="d2lgrades" d2l_2p0:link_target="" href="grades_d2l.xml" title="" />
        <resource identifier="res_courseimage" type="webcontent" d2l_2p0:material_type="d2lcourseimage" d2l_2p0:link_target="" href="courseimage_d2l.xml" title="" />
    </resources>
</manifest>