﻿<?xml version="1.0" encoding="UTF-8"?><questestinterop xmlns:d2l_2p0="http://desire2learn.com/xsd/d2lcp_v2p0"><assessment d2l_2p0:id="42" title="Lesson One Assessment" ident="res_quiz_2837738" d2l_2p0:resource_code="usgx-17166266"><rubric><flow_mat><material><mattext d2l_2p0:isdisplayed="no" texttype="text/html" /></material></flow_mat></rubric><assessmentcontrol hintswitch="no" solutionswitch="yes" feedbackswitch="no" /><presentation_material><flow_mat><material label="page header"><mattext d2l_2p0:isdisplayed="yes" texttype="text/html">&lt;p&gt;In this section, you will answer a series of questions based on lesson one content. A score of 80% will be considered a passing score.&lt;/p&gt;</mattext></material><material label="page footer"><mattext d2l_2p0:isdisplayed="no" texttype="text/html" /></material></flow_mat></presentation_material><assess_procextension><d2l_2p0:intro_message d2l_2p0:isdisplayed="yes" texttype="text/html">&lt;p&gt;In this section, you will answer a series of questions based on lesson one content. A score of 80% will be considered a passing score.&lt;/p&gt;</d2l_2p0:intro_message><grade_item d2l_2p0:is_autoexport="yes" resource_code="usgx-17169662">9196984</grade_item><d2l_2p0:disable_right_click>no</d2l_2p0:disable_right_click><d2l_2p0:disable_pager_access>no</d2l_2p0:disable_pager_access><is_active>yes</is_active><d2l_2p0:date_start /><d2l_2p0:date_end /><d2l_2p0:date_due /><d2l_2p0:has_schedule_event>no</d2l_2p0:has_schedule_event><d2l_2p0:is_attempt_Rldb>no</d2l_2p0:is_attempt_Rldb><d2l_2p0:is_subview_Rldb>no</d2l_2p0:is_subview_Rldb><d2l_2p0:time_limit>120</d2l_2p0:time_limit><d2l_2p0:show_clock>no</d2l_2p0:show_clock><d2l_2p0:enforce_time_limit>no</d2l_2p0:enforce_time_limit><d2l_2p0:grace_period>5</d2l_2p0:grace_period><d2l_2p0:late_limit>0</d2l_2p0:late_limit><d2l_2p0:attempts_allowed>3</d2l_2p0:attempts_allowed><d2l_2p0:attempt_restrictions /><d2l_2p0:mark_calculation_type>1</d2l_2p0:mark_calculation_type><d2l_2p0:is_forward_only>no</d2l_2p0:is_forward_only></assess_procextension><assessfeedback><rubric><flow_mat><material><mattext texttype="no">Your quiz has been submitted successfully.</mattext></material></flow_mat></rubric><d2l_2p0:duration>0</d2l_2p0:duration><d2l_2p0:response_display_type_id>1</d2l_2p0:response_display_type_id><d2l_2p0:show_correct_answers>no</d2l_2p0:show_correct_answers><d2l_2p0:submission_restrictip>no</d2l_2p0:submission_restrictip><d2l_2p0:show_class_average>no</d2l_2p0:show_class_average><d2l_2p0:show_score_distribution>no</d2l_2p0:show_score_distribution></assessfeedback><section ident="CONTAINER_SECTION"><section title="Lesson One" d2l_2p0:page="1" ident="SECT_135819741"><selection_ordering><order order_type="Random" /></selection_ordering><presentation_material><flow_mat><flow_mat><material><mattext texttype="text/html" /></material></flow_mat></flow_mat></presentation_material><sectionproc_extension><d2l_2p0:display_section_name>yes</d2l_2p0:display_section_name><d2l_2p0:display_section_line>no</d2l_2p0:display_section_line><d2l_2p0:type_display_section>1</d2l_2p0:type_display_section></sectionproc_extension><itemref linkrefid="QUES_41909030_43290180" d2l_2p0:page="1"><d2l_2p0:file href="questiondb.xml" /><d2l_2p0:points>1.000000000</d2l_2p0:points><d2l_2p0:difficulty>1</d2l_2p0:difficulty><d2l_2p0:isbonus>no</d2l_2p0:isbonus><d2l_2p0:ismandatory>no</d2l_2p0:ismandatory></itemref><itemref linkrefid="QUES_41909032_43290183" d2l_2p0:page="1"><d2l_2p0:file href="questiondb.xml" /><d2l_2p0:points>1.000000000</d2l_2p0:points><d2l_2p0:difficulty>1</d2l_2p0:difficulty><d2l_2p0:isbonus>no</d2l_2p0:isbonus><d2l_2p0:ismandatory>no</d2l_2p0:ismandatory></itemref><itemref linkrefid="QUES_41909034_43290187" d2l_2p0:page="1"><d2l_2p0:file href="questiondb.xml" /><d2l_2p0:points>1.000000000</d2l_2p0:points><d2l_2p0:difficulty>1</d2l_2p0:difficulty><d2l_2p0:isbonus>no</d2l_2p0:isbonus><d2l_2p0:ismandatory>no</d2l_2p0:ismandatory></itemref><itemref linkrefid="QUES_41909038_43290195" d2l_2p0:page="1"><d2l_2p0:file href="questiondb.xml" /><d2l_2p0:points>1.000000000</d2l_2p0:points><d2l_2p0:difficulty>1</d2l_2p0:difficulty><d2l_2p0:isbonus>no</d2l_2p0:isbonus><d2l_2p0:ismandatory>no</d2l_2p0:ismandatory></itemref><itemref linkrefid="QUES_41909039_43290196" d2l_2p0:page="1"><d2l_2p0:file href="questiondb.xml" /><d2l_2p0:points>1.000000000</d2l_2p0:points><d2l_2p0:difficulty>1</d2l_2p0:difficulty><d2l_2p0:isbonus>no</d2l_2p0:isbonus><d2l_2p0:ismandatory>no</d2l_2p0:ismandatory></itemref><itemref linkrefid="QUES_41909041_43290200" d2l_2p0:page="1"><d2l_2p0:file href="questiondb.xml" /><d2l_2p0:points>1.000000000</d2l_2p0:points><d2l_2p0:difficulty>1</d2l_2p0:difficulty><d2l_2p0:isbonus>no</d2l_2p0:isbonus><d2l_2p0:ismandatory>no</d2l_2p0:ismandatory></itemref><itemref linkrefid="QUES_41909043_43290202" d2l_2p0:page="1"><d2l_2p0:file href="questiondb.xml" /><d2l_2p0:points>1.000000000</d2l_2p0:points><d2l_2p0:difficulty>1</d2l_2p0:difficulty><d2l_2p0:isbonus>no</d2l_2p0:isbonus><d2l_2p0:ismandatory>no</d2l_2p0:ismandatory></itemref><itemref linkrefid="QUES_41909045_43290205" d2l_2p0:page="1"><d2l_2p0:file href="questiondb.xml" /><d2l_2p0:points>1.000000000</d2l_2p0:points><d2l_2p0:difficulty>1</d2l_2p0:difficulty><d2l_2p0:isbonus>no</d2l_2p0:isbonus><d2l_2p0:ismandatory>no</d2l_2p0:ismandatory></itemref><itemref linkrefid="QUES_41909047_43290207" d2l_2p0:page="1"><d2l_2p0:file href="questiondb.xml" /><d2l_2p0:points>1.000000000</d2l_2p0:points><d2l_2p0:difficulty>1</d2l_2p0:difficulty><d2l_2p0:isbonus>no</d2l_2p0:isbonus><d2l_2p0:ismandatory>no</d2l_2p0:ismandatory></itemref><itemref linkrefid="QUES_41909048_43290209" d2l_2p0:page="1"><d2l_2p0:file href="questiondb.xml" /><d2l_2p0:points>1.000000000</d2l_2p0:points><d2l_2p0:difficulty>1</d2l_2p0:difficulty><d2l_2p0:isbonus>no</d2l_2p0:isbonus><d2l_2p0:ismandatory>no</d2l_2p0:ismandatory></itemref></section></section></assessment></questestinterop>